<students>
	
	<student> 
		<id> 123456 </id> 
		<name> 
			<firstName> oshri </firstName> 
			<lastName> cohen </lastName> 
		</name> 
	</student> 
	
	<student> 
		<id> 654321 </id> 
		<name> 
			<firstName> yehuda </firstName> 
			<lastName> borisyuk </lastName> 
		</name> 
	</student> 
	
	<student/> 
	
	<student gender = 'female'/>
	<student gender = 'male'> 
		<id> 654321 </id> 
	</student> 
	<student address = '4 Halevi Street "Bat   Yam" Israel'/> 
	
	<elem> 4 &lt; 7 </elem>
</students> 
